Datetime,Water Level (m)
2025-05-24 18:00:00,0.7536015
2025-05-24 19:00:00,0.48066694
2025-05-24 20:00:00,0.17576809
2025-05-24 21:00:00,-0.12313317
2025-05-24 22:00:00,-0.4003757
2025-05-24 23:00:00,-0.62709594
2025-05-25 00:00:00,-0.66348773
2025-05-25 01:00:00,-0.33708405
2025-05-25 02:00:00,0.03496758
2025-05-25 03:00:00,0.49627504
2025-05-25 04:00:00,0.8856923
2025-05-25 05:00:00,1.1841922
2025-05-25 06:00:00,1.115349
2025-05-25 07:00:00,0.873459
2025-05-25 08:00:00,0.5634616
2025-05-25 09:00:00,0.2544299
2025-05-25 10:00:00,-0.05141663
2025-05-25 11:00:00,-0.31626078
2025-05-25 12:00:00,-0.4907403
2025-05-25 13:00:00,-0.30708653
2025-05-25 14:00:00,0.008690475
2025-05-25 15:00:00,0.39910567
2025-05-25 16:00:00,0.77986795
2025-05-25 17:00:00,1.03561
2025-05-25 18:00:00,1.0109645
2025-05-25 19:00:00,0.75866675
2025-05-25 20:00:00,0.45672587
2025-05-25 21:00:00,0.13293184
2025-05-25 22:00:00,-0.17888442
2025-05-25 23:00:00,-0.46344468
2025-05-26 00:00:00,-0.69137913
2025-05-26 01:00:00,-0.6131495
2025-05-26 02:00:00,-0.2600678
2025-05-26 03:00:00,0.14142103
2025-05-26 04:00:00,0.6628833
2025-05-26 05:00:00,1.1678586
2025-05-26 06:00:00,1.3630064
2025-05-26 07:00:00,1.2440598
2025-05-26 08:00:00,0.96006364
2025-05-26 09:00:00,0.6497472
2025-05-26 10:00:00,0.31817013
2025-05-26 11:00:00,-0.0010824531
2025-05-26 12:00:00,-0.2804753
2025-05-26 13:00:00,-0.46235043
2025-05-26 14:00:00,-0.22013602
2025-05-26 15:00:00,0.11204839
2025-05-26 16:00:00,0.5311406
2025-05-26 17:00:00,0.90259373
2025-05-26 18:00:00,1.1947016
2025-05-26 19:00:00,1.0708096
2025-05-26 20:00:00,0.8086205
2025-05-26 21:00:00,0.47826353
2025-05-26 22:00:00,0.1436885
2025-05-26 23:00:00,-0.17573452
2025-05-27 00:00:00,-0.46054772
2025-05-27 01:00:00,-0.66418743
2025-05-27 02:00:00,-0.44699323
2025-05-27 03:00:00,-0.0982911
2025-05-27 04:00:00,0.36028337
2025-05-27 05:00:00,0.92354226
2025-05-27 06:00:00,1.3231093
2025-05-27 07:00:00,1.4684757
2025-05-27 08:00:00,1.2650506
2025-05-27 09:00:00,0.9713928
2025-05-27 10:00:00,0.6428869
2025-05-27 11:00:00,0.29837045
2025-05-27 12:00:00,-0.028044397
2025-05-27 13:00:00,-0.30801883
2025-05-27 14:00:00,-0.46722072
2025-05-27 15:00:00,-0.16630258
2025-05-27 16:00:00,0.1794399
2025-05-27 17:00:00,0.61235416
2025-05-27 18:00:00,0.9926649
2025-05-27 19:00:00,1.1998091
2025-05-27 20:00:00,1.0326593
2025-05-27 21:00:00,0.756681
2025-05-27 22:00:00,0.43241945
2025-05-27 23:00:00,0.10114575
2025-05-28 00:00:00,-0.20649713
2025-05-28 01:00:00,-0.47655985
2025-05-28 02:00:00,-0.61942935
2025-05-28 03:00:00,-0.3134459
2025-05-28 04:00:00,0.044857055
2025-05-28 05:00:00,0.53293455
2025-05-28 06:00:00,1.11356
2025-05-28 07:00:00,1.4406428
2025-05-28 08:00:00,1.5126317
2025-05-28 09:00:00,1.2454758
2025-05-28 10:00:00,0.926803
2025-05-28 11:00:00,0.59227604
2025-05-28 12:00:00,0.25005713
2025-05-28 13:00:00,-0.06902468
2025-05-28 14:00:00,-0.3339143
2025-05-28 15:00:00,-0.39940304
2025-05-28 16:00:00,-0.0549929
2025-05-28 17:00:00,0.29927874
2025-05-28 18:00:00,0.71323395
2025-05-28 19:00:00,1.0173012
2025-05-28 20:00:00,1.1436349
2025-05-28 21:00:00,0.9096079
2025-05-28 22:00:00,0.641551
2025-05-28 23:00:00,0.3177028
2025-05-29 00:00:00,-0.0049037375
2025-05-29 01:00:00,-0.29899007
2025-05-29 02:00:00,-0.5471952
2025-05-29 03:00:00,-0.58145505
2025-05-29 04:00:00,-0.2194028
2025-05-29 05:00:00,0.1591336
2025-05-29 06:00:00,0.6808317
2025-05-29 07:00:00,1.2268901
2025-05-29 08:00:00,1.4998634
2025-05-29 09:00:00,1.4560268
2025-05-29 10:00:00,1.1598672
2025-05-29 11:00:00,0.85334796
2025-05-29 12:00:00,0.5195949
2025-05-29 13:00:00,0.19024566
2025-05-29 14:00:00,-0.11184734
2025-05-29 15:00:00,-0.3478205
2025-05-29 16:00:00,-0.29542622
2025-05-29 17:00:00,0.044108458
2025-05-29 18:00:00,0.41577983
2025-05-29 19:00:00,0.7958867
2025-05-29 20:00:00,1.0683136
2025-05-29 21:00:00,1.0877991
2025-05-29 22:00:00,0.8657986
2025-05-29 23:00:00,0.5615511
2025-05-30 00:00:00,0.2583751
2025-05-30 01:00:00,-0.0453987
2025-05-30 02:00:00,-0.30768389
2025-05-30 03:00:00,-0.4840826
2025-05-30 04:00:00,-0.30445957
2025-05-30 05:00:00,0.024373967
2025-05-30 06:00:00,0.44788313
2025-05-30 07:00:00,0.96794355
2025-05-30 08:00:00,1.3576676
2025-05-30 09:00:00,1.5407621
2025-05-30 10:00:00,1.3809098
2025-05-30 11:00:00,1.0868632
2025-05-30 12:00:00,0.7926644
2025-05-30 13:00:00,0.44410372
2025-05-30 14:00:00,0.12742493
2025-05-30 15:00:00,-0.15268122
2025-05-30 16:00:00,-0.327334
2025-05-30 17:00:00,-0.11925023
2025-05-30 18:00:00,0.1834474
